<?xml version="1.0" encoding="UTF-8"?>
<!DOCTYPE EquiposNBA [
<!ELEMENT EquiposNBA (equipo|nombre)+>
<!ELEMENT equipo (conferencia, titulos, posicion, quinteto)>
<!ELEMENT conferencia (#PCDATA)>
<!ELEMENT titulos (#PCDATA)>
<!ELEMENT posicion (#PCDATA)>
<!ELEMENT quinteto (#PCDATA)>
<!ELEMENT nombre (#PCDATA)>
]>
<EquiposNBA>
  <equipo>
    <conferencia>este</conferencia>
    <titulos>1</titulos>
    <posicion>1</posicion>
    <quinteto>Darius Garland, Donovan Mitchell, Evan Mobley, Jarrett Allen, Max Strus</quinteto>
  </equipo>
  <equipo>
    <conferencia>este</conferencia>
    <titulos>0</titulos>
    <posicion>12</posicion>
    <quinteto>Ben Simmons, Mikal Bridges, Cam Thomas, Nic Claxton, Dennis Schröder</quinteto>
  </equipo>
  <equipo>
    <conferencia>este</conferencia>
    <titulos>6</titulos>
    <posicion>10</posicion>
    <quinteto>Zach LaVine, DeMar DeRozan, Nikola Vučević, Coby White, Alex Caruso</quinteto>
  </equipo>
  <equipo>
    <conferencia>oeste</conferencia>
    <titulos>5</titulos>
    <posicion>13</posicion>
    <quinteto>Victor Wembanyama, Devin Vassell, Keldon Johnson, Tre Jones, Jeremy Sochan</quinteto>
  </equipo>
</EquiposNBA>