<?xml version="1.0" encoding="UTF-8"?>
<!DOCTYPE panel SYSTEM "aeropuerto.dtd">
<panel>
  <aeropuerto>JFK</aeropuerto>
  <fecha>20/12/2013</fecha>
  <vuelo>
    <codigo>V22</codigo>
    <estado>R</estado>
    <diario/>
    <origen>New York</origen>
    <destino>Chicago</destino>
    <hora_salida>9:30</hora_salida>
    <hora_llegada>11:30</hora_llegada>
  </vuelo>
  <vuelo>
    <codigo>V23</codigo>
    <estado>C</estado>
    <origen>New York</origen>
    <destino>Miami</destino>
    <hora_salida>10:15</hora_salida>
    <hora_llegada>11:15</hora_llegada>
  </vuelo>
</panel>