<?xml version="1.0" encoding="UTF-8"?>
<!DOCTYPE factura SYSTEM "facturaEj1.dtd"><factura>
  <numero>F-2023-001</numero>
  <fecha>2023-05-15</fecha>
  <datos-emisor>
    <nombre>Librería Ejemplo</nombre>
    <cif>A12345678</cif>
    <telefono>912345678</telefono>
  </datos-emisor>
  <datos-cliente>
    <nombre>Biblioteca Municipal</nombre>
    <cif>B87654321</cif>
    <telefono>918765432</telefono>
  </datos-cliente>
  <detalle-factura>
    <importe>145.50</importe>
    <linea>
      <codigo-articulo>L001</codigo-articulo>
      <tipo>Libro</tipo>
      <descripcion>Cien años de soledad</descripcion>
      <cantidad>2</cantidad>
      <pvp>20.00</pvp>
    </linea>
    <linea>
      <codigo-articulo>D001</codigo-articulo>
      <tipo>DVD</tipo>
      <descripcion>Documental Historia del Arte</descripcion>
      <cantidad>1</cantidad>
      <pvp>15.50</pvp>
      <oferta/>
    </linea>
  </detalle-factura>
</factura>